{
  "excel_path": "参考算例.xlsx",
  "instance": {
    "customer_count": 50,
    "capacity": 60.0,
    "total_demand": 271.0
  },
  "compatibility_parameters": {
    "alpha": 0.7,
    "beta": 1.3
  },
  "timing": {
    "total_seconds": 4361.485708400025,
    "q3_seconds": 4360.933274100011
  },
  "q3": {
    "objective": 3539813.0,
    "travel_cost": 83.0,
    "total_penalty": 3539730.0,
    "route": [
      8,
      48,
      7,
      18,
      21,
      22,
      41,
      42,
      14,
      38,
      44,
      37,
      6,
      13,
      2,
      15,
      43,
      16,
      17,
      47,
      19,
      11,
      10,
      32,
      20,
      9,
      34,
      35,
      33,
      3,
      29,
      24,
      12,
      28,
      27,
      49,
      36,
      46,
      45,
      5,
      40,
      26,
      50,
      1,
      31,
      30,
      25,
      4,
      39,
      23
    ],
    "supernode_order": [
      0,
      4,
      1,
      3,
      2
    ],
    "cluster_results": [
      {
        "cluster_id": 0,
        "route": [
          42,
          6,
          8,
          45,
          5,
          38,
          16,
          44,
          13,
          2,
          40,
          15,
          17,
          21,
          14
        ],
        "iterations": 30,
        "travel_cost": 37.0,
        "total_penalty": 86270.0,
        "objective": 86307.0,
        "quantum_used": true,
        "quantum_message": "Kaiwu求解成功 | max_iterations=30 | timeout=30 | quantum_mode=False(经典模拟模式) | penalty_coeff=10.00",
        "arrival_times": {
          "42": 3.0,
          "6": 7.0,
          "8": 12.0,
          "45": 15.0,
          "5": 19.0,
          "38": 25.0,
          "16": 29.0,
          "44": 32.0,
          "13": 37.0,
          "2": 40.0,
          "40": 43.0,
          "15": 48.0,
          "17": 55.0,
          "21": 62.0,
          "14": 68.0
        },
        "penalties": {
          "42": 0.0,
          "6": 0.0,
          "8": 0.0,
          "45": 0.0,
          "5": 250.0,
          "38": 360.0,
          "16": 2250.0,
          "44": 1960.0,
          "13": 1000.0,
          "2": 7840.0,
          "40": 6760.0,
          "15": 7840.0,
          "17": 9000.0,
          "21": 24010.0,
          "14": 25000.0
        }
      },
      {
        "cluster_id": 1,
        "route": [
          28,
          29,
          31,
          18,
          22,
          39,
          7,
          11,
          19,
          23,
          4,
          12,
          27,
          25,
          41
        ],
        "iterations": 30,
        "travel_cost": 49.0,
        "total_penalty": 141670.0,
        "objective": 141719.0,
        "quantum_used": true,
        "quantum_message": "Kaiwu求解成功 | max_iterations=30 | timeout=30 | quantum_mode=False(经典模拟模式) | penalty_coeff=10.00",
        "arrival_times": {
          "28": 1.0,
          "29": 6.0,
          "31": 12.0,
          "18": 16.0,
          "22": 23.0,
          "39": 27.0,
          "7": 36.0,
          "11": 40.0,
          "19": 43.0,
          "23": 54.0,
          "4": 58.0,
          "12": 62.0,
          "27": 66.0,
          "25": 73.0,
          "41": 78.0
        },
        "penalties": {
          "28": 0.0,
          "29": 0.0,
          "31": 10.0,
          "18": 40.0,
          "22": 160.0,
          "39": 90.0,
          "7": 4840.0,
          "11": 4000.0,
          "19": 8410.0,
          "23": 11560.0,
          "4": 10890.0,
          "12": 24010.0,
          "27": 21160.0,
          "25": 24010.0,
          "41": 32490.0
        }
      },
      {
        "cluster_id": 2,
        "route": [
          47,
          30,
          1,
          10,
          36,
          9,
          24,
          3,
          33,
          35,
          34,
          32,
          20,
          26,
          50
        ],
        "iterations": 30,
        "travel_cost": 40.0,
        "total_penalty": 110680.0,
        "objective": 110720.0,
        "quantum_used": true,
        "quantum_message": "Kaiwu求解成功 | max_iterations=30 | timeout=30 | quantum_mode=False(经典模拟模式) | penalty_coeff=10.00",
        "arrival_times": {
          "47": 4.0,
          "30": 10.0,
          "1": 13.0,
          "10": 17.0,
          "36": 23.0,
          "9": 32.0,
          "24": 38.0,
          "3": 42.0,
          "33": 45.0,
          "35": 49.0,
          "34": 52.0,
          "32": 58.0,
          "20": 61.0,
          "26": 68.0,
          "50": 72.0
        },
        "penalties": {
          "47": 0.0,
          "30": 0.0,
          "1": 160.0,
          "10": 0.0,
          "36": 0.0,
          "9": 1440.0,
          "24": 1690.0,
          "3": 5760.0,
          "33": 4840.0,
          "35": 6760.0,
          "34": 10890.0,
          "32": 12250.0,
          "20": 16810.0,
          "26": 23040.0,
          "50": 27040.0
        }
      },
      {
        "cluster_id": 3,
        "route": [
          46,
          49,
          48,
          37,
          43
        ],
        "iterations": 30,
        "travel_cost": 11.0,
        "total_penalty": 1360.0,
        "objective": 1371.0,
        "quantum_used": true,
        "quantum_message": "Kaiwu求解成功 | max_iterations=30 | timeout=30 | quantum_mode=False(经典模拟模式) | penalty_coeff=10.00",
        "arrival_times": {
          "46": 12.0,
          "49": 17.0,
          "48": 21.0,
          "37": 27.0,
          "43": 31.0
        },
        "penalties": {
          "46": 0.0,
          "49": 0.0,
          "48": 0.0,
          "37": 360.0,
          "43": 1000.0
        }
      }
    ]
  }
}